smiles,label
ClC1=C(Cl)C2(Cl)C3C4C=CC(C4)C3C1(Cl)C2(Cl)Cl,7.086
Oc1ccc(Cl)cc1,4.459
NC(=O)c1cccc(Br)c1,3.325
CC(=O)c1ccc(Cl)cc1Cl,4.208
O=CN(c1ccccc1)c1ccccc1,3.812
CCc1cccc(CC)c1,4.51
C=CC(O)CCC,3.518
CC(C)=NO,2.117
CC(=O)CCC=C(C)C,3.168
O=[N+]([O-])c1ccc([N+](=O)[O-])c(O)c1,4.739
C=CC(=O)OCCCCCC,5.146
c1cc[nH]c1,2.504
ClC1=C(Cl)C2(Cl)C3C4CC(C5OC45)C3C1(Cl)C2(Cl)Cl,8.755
c1ccc(Oc2ccccc2)cc1,4.629
BrCC1CCCCO1,2.941
COC(=O)c1ccc(Cl)cc1[N+](=O)[O-],3.895
NC(=O)c1ccc(Cl)cc1Cl,3.298
COC(=O)c1ccc(C(=O)OC)c([N+](=O)[O-])c1,4.564
CCC(C)O,1.305
Oc1ccccc1-c1ccccc1,4.507
COC(=O)c1ccc(Cl)cc1,4.156
NC12CC3CC(CC(C3)C1)C2,3.782
CCCCCCCCC#N,4.305
CC(Cl)CCl,2.928
Cc1nnc(N)nc1C,2.115
C#CC(O)(c1ccccc1)c1ccccc1,4.273
O=C(Cl)c1ccccc1,3.608
CCC(C)c1cccc(OC(=O)N(C)Sc2ccccc2)c1,6.907
CCC(C)n1c(=O)[nH]c(C)c(Br)c1=O,3.152
CCCCCCCCCCc1ccc(N)cc1,6.569
O=CC=O,2.431
CCCCCCCCc1ccc(N)cc1,6.233
O=[N+]([O-])c1cc([N+](=O)[O-])cc([N+](=O)[O-])c1,5.316
O=C(O)C1C2CCC(O2)C1C(=O)O,4.08
ClC1=C(Cl)C(Cl)(Cl)C(Cl)=C1Cl,6.604
O=C(O)CCCOc1ccc(Cl)cc1Cl,4.141
C=Cn1c2ccccc2c2ccccc21,7.809
CCCCCCCBr,5.086
CCOc1cc(C=O)ccc1O,3.278
OCCN(CCO)CCO,1.102
ClC1=C(Cl)C2(Cl)C3C(Cl)C=CC3C1(Cl)C2(Cl)Cl,6.752
OCCCCl,2.072
CCOP(=S)(OCC)SC1OCCOC1SP(=S)(OCC)OCC,4.659
CCCCCc1ccccc1,4.938
Oc1cc(Cl)c(Cl)c(Cl)c1Cl,5.737
Oc1c(Br)c(Br)c(Br)c(Br)c1Br,6.72
OCCO,0.037
CCCCCCCC#CCO,5.159
Oc1ccc(Oc2ccccc2)cc1,4.575
Cc1ccc([N+](=O)[O-])c([N+](=O)[O-])c1,5.084
CC(C)(O)CCc1ccccc1,3.393
CCCCCCOC(C)=O,4.557
C#CCC(C)O,3.38
CCN1C(=O)CC(=O)N(CC)C1=S,1.647
COP(=S)(OC)Oc1nc(Cl)c(Cl)cc1Cl,5.677
CCOP(=O)(Cc1ccccc1)OCC,2.832
CC(C)C(O)C(C)C,2.853
C=CCc1ccccc1O,3.979
O=[N+]([O-])c1cccc([N+](=O)[O-])c1,4.122
ClC1=C(Cl)C2(Cl)C3C4CC(C5OC45)C3C1(Cl)C2(Cl)Cl,7.21
COC(C)=O,2.269
C=CCOC(=O)C(=C)C,5.105
CCOC(CN(C)CC(OCC)OCC)OCC,2.617
CNC(=O)O/N=C(\C)SC,4.886
OCCNCCO,1.851
Nc1cccc(OCc2ccccc2)c1,4.338
CCc1ccc(C)nc1,3.174
CCCCC(=O)O,3.123
COc1ccc(C=O)c(OC)c1,3.917
Cc1ccccc1O,3.888
O=C(NC(=O)c1c(F)cccc1F)Nc1ccc(Cl)cc1,2.859
C=CC=O,6.317
CN(C)P(=O)(OP(=O)(N(C)C)N(C)C)N(C)C,3.374
CC(C)(CC(=O)O)CC(=O)O,1.055
O=C1C(Cl)=C(Cl)C(=O)c2ccccc21,6.18
O=[N+]([O-])c1ncccc1O,2.924
CCCCCCCCCO,4.41
CCNCc1ccccc1,3.374
CCNc1nc(Cl)nc(NCC)n1,4.498
CCCCCCCCCCCCCN,6.484
CCCCNC(=O)OCC#CI,6.148
c1ccc2c(c1)-c1cccc3cccc-2c13,6.774
CCCCOCN(C(=O)CCl)c1c(CC)cccc1CC,5.653
CCOP(=O)(OCC)OP(=O)(OCC)OCC,5.347
Oc1ccc(/N=N/c2ccccc2)cc1,5.171
Cc1ccc(C(C)C)c(O)c1,4.672
C=C(C)C1CC=C(C)CC1,2.149
c1ccc2c(c1)CCC2,3.926
BrC(Br)c1ccccc1C(Br)Br,5.985
CCCCCCC(C)=O,3.446
COC(=O)c1ccc(C(=O)OC)c(N)c1,4.369
CCC1(CCC(C)C)C(=O)NC(=O)NC1=O,3.423
Cc1cccc([N+](=O)[O-])c1N,3.797
CCCCO,1.589
O=Cc1cccc(Oc2ccc(Cl)c(Cl)c2)c1,5.95
NC(=O)c1c(Cl)cccc1Cl,2.608
C1N2CN3CN1CN(C2)C3,0.449
CC1CNCC(C)O1,2.474
CCOP(=S)(OCC)Oc1ccc([N+](=O)[O-])cc1,5.315
CCNc1nc(NC(C)(C)C)nc(OC)n1,3.656
O=Cc1ccc(Cl)cc1,4.805
O=Cc1ccccc1[N+](=O)[O-],4.021
Oc1ccccc1,3.495
c1ccc2scnc2c1,3.325
O=C(O)CS,3.487
Cc1ccc([N+](=O)[O-])c(O)c1,3.513
Clc1cccc(C(Cl)(Cl)Cl)n1,4.368
Oc1ccc(Oc2ccc(O)cc2)cc1,4.544
Cc1ccccc1C,3.811
CS(=O)(=O)Oc1ccc(Cl)cc1Cl,4.739
ClCCCCl,2.936
CCOP(=S)(CC)Sc1ccccc1,5.354
O=Cc1cc(Br)cc(Br)c1O,5.518
CC(=O)CC(C)C,2.271
CCOP(=S)(OCC)O/C(=C/Cl)c1cc(Cl)ccc1Cl,6.143
CCCCCCCCn1sccc1=O,6.183
Oc1cc(Cl)c(Cl)cc1O,5.303
CC(C)(c1cc(Cl)c(O)c(Cl)c1)c1cc(Cl)c(O)c(Cl)c1,5.44
CC1(C)CNC(=NN=C(/C=C/c2ccc(C(F)(F)F)cc2)/C=C/c2ccc(C(F)(F)F)cc2)NC1,6.819
O=C1C2CC=CCC2C(=O)N1SC(Cl)(Cl)Cl,6.351
CCCCC(CC)COC(=O)c1ccccc1C(=O)OCC(CC)CCCC,2.548
Cc1ccc([N+](=O)[O-])cc1,3.44
Brc1ccccc1,4.448
Nc1ccc(S(=O)(=O)O)cc1,3.237
CC(=O)c1ccc(Cl)c([N+](=O)[O-])c1,4.559
CC(=O)Cl,3.272
C=CC(C)(O)CCC1C(=C)CCC2C(C)(C)CCCC12C,6.384
Oc1ccc(Cl)cc1Cl,4.298
C=C(C)[C@H]1Cc2c(ccc3c2OC2COc4cc(OC)c(OC)cc4C2C3=O)O1,7.818
O=P(Oc1ccccc1)(Oc1ccccc1)Oc1ccccc1,5.544
CN(C)C(=O)Nc1ccc(Cl)c(Cl)c1,4.215
CCOC(=O)CC(S)C(=O)OCC,3.77
C=CC(Cl)CCl,4.184
CCCOC(C)=O,3.231
Nc1ccc(-c2ccc(N)c(Cl)c2)cc1Cl,5.085
NCCO,1.47
C=C1CCC2CC1C2(C)C,5.434
CCc1ccccc1,3.947
CC(=O)OC(C)(C)C,2.551
Cc1ccc([N+](=O)[O-])cc1N,3.337
Clc1cccc(Cl)c1,4.269
OCCOCCO,0.15
Nc1ccc(Cl)c(Cl)c1,4.323
c1cc2c3c(cccc3c1)CC2,4.984
Cc1ccc(N)cc1,2.827
C=C(C)C(=O)OCCO,2.758
C#CC1(O)CCCCC1,2.686
CC(=O)CCC(C)C,2.856
Cc1ccc(O)cc1,3.666
COP(=S)(OC)Oc1ccc(SC)c(C)c1,4.939
CN(C)c1ccc(/C=C/C=O)cc1,4.473
CCCCOCCOC(=O)COc1ccc(Cl)cc1Cl,5.052
CCOC(=O)CC(SP(=S)(OC)OC)C(=O)OCC,4.422
ClCCCl,2.896
CCCCCOCCCCC,4.709
C#CCCO,3.288
Nc1ccccc1Cl,4.353
Clc1cc(Cl)cc(C2(CC(Cl)(Cl)Cl)CO2)c1,5.385
CCCc1ccc(O)cc1,4.093
ClCC1CO1,3.862
c1ccc(-c2ccc(-c3ccccc3)o2)cc1,6.644
CC(=O)C(C)(C)C,3.061
CCCCCCCCCCCC(C)=O,5.741
Cc1cc(C)c(O)c(C)c1,4.02
Clc1ccc(Cl)cc1,4.322
CCOP(=S)(OCC)Oc1ccc(S(C)=O)cc1,3.855
COc1ccc(C(c2ccc(OC)cc2)C(Cl)(Cl)Cl)cc1,7.607
CNc1ccc(F)cc1,3.513
OCc1ccoc1,2.286
COP(=S)(OC)Oc1ccc([N+](=O)[O-])c(C)c1,4.809
Clc1ccc(C(c2ccc(Cl)cc2)C(Cl)Cl)cc1,4.862
C=CC(=O)OCC,4.603
CCOC(=O)/C=C/C(=O)OCC,4.583
CN(C)C=O,0.841
CCC(C)c1cc([N+](=O)[O-])cc([N+](=O)[O-])c1O,6.191
C#CCO,4.564
CNC(=O)Oc1ccc(N(C)C)c(C)c1,5.029
Clc1cccc(Cl)c1C(Cl)Cl,5.375
CC(C)(c1cc(Br)c(O)c(Br)c1)c1cc(Br)c(O)c(Br)c1,5.835
C=CC(C)(O)CC/C=C(\C)CCC=C(C)C,5.192
COc1cccc(C=O)c1O,4.767
CCOP(=S)(CC)Oc1cc(Cl)c(Cl)cc1Cl,6.171
CCCCCCCCC(C)=O,4.51
O=[N+]([O-])C(CO)(CO)CO,2.732
Oc1c(Cl)cc(Cl)cc1Cl,4.637
Nc1ccc(Br)cn1,2.99
O=[N+]([O-])c1ccc(O)c([N+](=O)[O-])c1,4.224
CCCSCSP(=S)(OCC)OCC,5.933
Cc1ccc([N+](=O)[O-])cc1[N+](=O)[O-],3.769
O=Cc1ccc([N+](=O)[O-])cc1,4.175
CC(Cl)(Cl)C(=O)O,2.693
CCN(CC)C(=O)c1cccc(C)c1,3.24
N#Cc1ccccc1C(F)(F)F,3.608
O=Cc1cc(Cl)ccc1O,5.308
O=Cc1c(F)c(F)c(F)c(F)c1F,5.251
CC(C)c1ccccc1,4.279
COc1ccc(O)cc1,3.11
CCOC(=O)c1ccccc1C(=O)OCC,4.116
Cc1c([N+](=O)[O-])cccc1[N+](=O)[O-],3.978
CC(=O)Br,3.481
CC(=O)CC(C)=O,2.851
Nc1ccc([N+](=O)[O-])cc1Cl,3.927
ClC(Cl)=C(Cl)C(Cl)=C(Cl)Cl,6.439
N#Cc1cc(Cl)c(O)c(Cl)c1,3.889
OCC(Br)CBr,3.487
COc1ccc(OC)cc1,3.072
CCOCC,1.462
Cc1c([N+](=O)[O-])cc([N+](=O)[O-])cc1[N+](=O)[O-],4.976
Clc1ccc(Cl)c(-c2ccccc2Cl)c1,6.882
Oc1c(Br)cc(Br)cc1Br,4.705
O=C1c2c(O)ccc(O)c2C(=O)c2c(NCCO)ccc(NCCO)c21,3.838
O=C(/C=C/C=C/c1ccc2c(c1)OCO2)N1CCCCC1,4.561
Cc1ccc(C)c(O)c1C,4.22
COc1cc(O)c(C=O)c(OC)c1,4.832
c1cc(CCc2ccncc2)ccn1,3.086
CCCCCCCCC(=O)O,3.182
Oc1cc(Cl)c(Cl)cc1Cl,5.266
CO,0.056
Brc1ccccc1Br,4.762
CC1=CC=C(C(C)C)CC1,4.636
Cc1ccc(C)cc1,4.102
Nc1ccc([N+](=O)[O-])cc1[N+](=O)[O-],4.084
CCC#N,1.559
N#CCCCCC#N,1.937
CC=O,3.076
CCCCC(CC)CO,3.664
CC(C)(C)c1ccc(O)cc1,4.466
CCOC(=O)C(O)C(O)C(=O)OCC,2.501
O=[N+]([O-])c1ccc(O)cc1C(F)(F)F,4.51
CC1(C)[C@H]2CC[C@]1(C)C(=O)C2,3.952
CCOP(=S)(OCC)SCSP(=S)(OCC)OCC,5.728
O=Cc1cc(O)ccc1[N+](=O)[O-],3.601
O=c1oc2ccccc2c(O)c1Cc1c(O)c2ccccc2oc1=O,4.818
CCCCOC(=O)CCC(=O)OCCCC,4.713
c1ccoc1,3.048
c1ccc2ccccc2c1,4.32
CCCCOC(=O)c1ccccc1C(=O)OCc1ccccc1,5.224
CCOP(=S)(OCC)SCSc1ccc(Cl)cc1,6.177
CC(C)OC(C)C,2.114
CCN(CC)c1nc(C)cc(OP(=S)(OC)OC)n1,5.087
CCOP(=S)(Oc1ccc([N+](=O)[O-])cc1)c1ccccc1,6.209
ClC(Cl)(Cl)C(Cl)(Cl)Cl,5.242
CS(C)=O,0.361
Nc1ccc(Cl)cc1,3.62
CC/C=C/CCO,2.568
CCCCCCBr,4.68
CC1(C)CCC(C)(C)O1,2.883
COc1ccccc1C(N)=O,3.1
c1ccc(-c2ccncc2)cc1,3.984
O=[N+]([O-])c1c(Cl)cc(Cl)c([N+](=O)[O-])c1Cl,6.087
C1C2CC3CC1CC(C2)C3,5.679
CC(C)CC=O,4.423
CCc1cccc(CC)c1N(COC)C(=O)CCl,4.732
CCOP(=S)(OCC)SCn1c(=O)oc2cc(Cl)ccc21,6.238
CN(C)N=O,1.897
N#CCCl,4.748
ON=C1CCCCC1,2.736
C=CCO,5.259
N#Cc1ccc([N+](=O)[O-])cc1,3.783
CCCCCCCCCCC(C)=O,5.194
N#Cc1sc2c(=O)c3ccccc3c(=O)c=2sc1C#N,6.254
Oc1ccc(Cl)cc1Cc1cc(Cl)ccc1O,5.939
Clc1cc(Cl)c(Cl)cc1Cl,5.829
CCOCCOC(C)=O,3.496
C=C(C)C(=O)OC(C)C,3.528
COc1cccc(O)c1,3.222
CN(C)C(=O)C(c1ccccc1)c1ccccc1,3.698
CCCCC(C)=O,2.369
C1CN2CCN1CC2,1.812
ClC1C(Cl)C(Cl)C(Cl)C(Cl)C1Cl,4.726
Cc1cc(Cl)nc(N)n1,3.007
Oc1cccc(O)c1,3.302
O=Cc1cc(Br)ccc1O,5.189
C/C=C/c1ccc(OC)cc1,7.285
CCOC(=O)CCCCCCCCC(=O)OCC,4.976
CCOC(C)=O,2.583
CCCCOC(=O)CCCCC(=O)OCCCC,4.851
CCSC(=O)N1CCCCCC1,3.841
NCCN1CCNCC1,1.771
CC(C)N(CCO)C(C)C,2.859
ClC1=C(Cl)C2(Cl)C3C4OC4(Cl)C(Cl)C3C1(Cl)C2(Cl)Cl,8.1
N#Cc1cc(Cl)ccc1N,3.727
Cc1ccc([N+](=O)[O-])c(N)c1[N+](=O)[O-],4.208
NNC(N)=S,3.642
NC(=O)c1ccc([N+](=O)[O-])cc1,3.097
CC(=O)CC(=O)c1ccccc1,5.169
CCCCOCCCC,3.606
CC(C)=CC=C(C)C,4.465
N#CCC#N,5.072
ClCc1ccc(CCl)cc1,6.652
CCCC=O,3.654
CCCCOC(=O)c1ccc(C(=O)OCCCC)cc1,5.674
COP(=S)(OC)Oc1ccc(Sc2ccc(OP(=S)(OC)OC)cc2)cc1,4.136
CN(C)Cc1ccccc1,3.554
C1OCOCO1,1.18
OCCCl,3.141
Oc1ccc2ccccc2c1,4.62
C=CC(=O)OC1CCCCC1,5.018
CC12CCC(C(Br)C1=O)C2(C)C,3.528
O=C(O)/C=C\C(=O)O,4.366
C=Cc1ccccc1,3.786
CN(C)C(=S)SSC(=S)N(C)C,7.045
ClC(Cl)=C(Cl)Cl,3.955
Cc1ccccc1,3.43
C=CCN=C=S,6.064
CCCCOP(=O)(OCCCC)OCCCC,4.513
Oc1c(I)cc(I)cc1I,5.591
CNC(=O)O/N=C/C(C)(C)SC,5.171
CC(C)=O,0.854
Cc1c([N+](=O)[O-])ccc([N+](=O)[O-])c1N,5.372
c1ccc2ncccc2c1,3.448
C1CO1,2.72
ClC1(Cl)C2(Cl)C3(Cl)C4(Cl)C(Cl)(Cl)C5(Cl)C3(Cl)C1(Cl)C5(Cl)C24Cl,3.623
C=C(C)C(=O)OCC1CCCO1,3.691
CC1(C)C(C=C(Cl)Cl)C1C(=O)OC(C#N)c1ccc(F)c(Oc2ccccc2)c1,8.604
Oc1c(Cl)cc(Cl)c(Cl)c1Cc1c(O)c(Cl)cc(Cl)c1Cl,7.287
O=Cc1ccc(Cl)cc1Cl,4.988
CCc1ccccn1,2.413
CCOC(=O)C(C)N(C(=O)c1ccccc1)c1ccc(Cl)c(Cl)c1,5.683
O=[N+]([O-])c1cccc2ccccc12,4.532
Nc1ccc(F)c(C(F)(F)F)c1,3.775
CC(N)CN,1.817
c1ccc(Nc2ccccc2)cc1,4.65
CCCCCCCCCCCN,5.912
CC(O)CC(C)(C)O,1.043
O=[N+]([O-])c1ccccc1,3.018
CN1CCNCC1,1.639
Cc1cc([N+](=O)[O-])ccc1N,3.244
CCOC(=O)/C=C\C(=O)OCC,3.981
CCSCCCCSCC,4.469
COC(=O)c1ccccc1C(=O)OC,3.205
O=C(O)COc1ccc(Cl)cc1Cl,2.925
CCCCCCCC(C)=O,3.971
CCCCCCO,2.941
CCN(CC)C(=O)/C(Cl)=C(\C)OP(=O)(OC)OC,3.477
CCCCCCCO,3.507
N#CC(Br)Br,5.558
CC(=O)C(C)CN(C)C,4.182
N#Cc1ccccn1,2.157
CC(=O)c1ccccc1,2.87
Cl/C=C/CCl,4.841
CCCCCCCCN,4.396
O=[N+]([O-])c1ccc([N+](=O)[O-])cc1,5.39
C#CCN(CC#C)CC#C,2.647
Cc1cccc2ccccc12,4.199
CC(C)(C)CC(C)(C)N,3.72
ClCCOCOCCCl,2.973
COc1c(Cl)c(Cl)c(Cl)c(Cl)c1Cl,5.635
O=Cc1ccccc1,3.919
CN(C)N,3.884
CC(C)(O)C(F)(F)C(F)F,2.439
Cc1cc(O)c([N+](=O)[O-])cc1[N+](=O)[O-],4.792
CCC(C)(O)CC,2.182
CNC(=O)Oc1cc(C)c(N(C)C)c(C)c1,4.116
O=Cc1cccnc1,3.815
Clc1ccccc1Cl,3.411
CC1CNCCN1,1.65
Cc1c[nH]c2ccccc12,4.171
OC1COC(O)C(O)C1O,0.6
C#CC(C)(O)C(C)C,2.738
CCN(CC)C1CCCCC1,3.861
CCCN(CCC)c1c([N+](=O)[O-])cc(C(F)(F)F)cc1[N+](=O)[O-],6.504
O=[N+]([O-])c1ccc(Oc2ccccc2)cc1,4.91
CCSCCSCC,3.397
CCCCCCCCO,3.984
CCCCCCCCCCO,4.819
COc1ccc(C(C)=O)c(O)c1,3.379
Clc1ccc(C(c2ccc(Cl)cc2)C(Cl)(Cl)Cl)cc1,7.271
CC(N)=S,2.444
CCCSCCC,3.736
Cc1ccc(N)cc1N,1.935
CC(C)(C)c1ccc(C(N)=O)cc1,3.745
CCNc1nc(NC(C)C)nc(SC)n1,4.377
CCCSP(=O)(OCC)Oc1ccc(Br)cc1Cl,6.645
Cc1c(Cl)cc(C(C)(C)C)c(O)c1C(=O)Nc1ccc([N+](=O)[O-])cc1Cl,7.691
CCN(CC)c1ccccc1,3.959
CCCCCCCCBr,5.363
CC1(C)CC(=O)CC(=O)C1,1.086
CC1=CC(=O)c2ccccc2C1=O,6.195
CCC(C)N,2.425
ClC(Cl)C(Cl)(Cl)Cl,4.429
COc1ccccc1[N+](=O)[O-],2.904
C=CCCCCCCC=C,5.678
CCCCOC(C)COC(=O)C(C)Oc1cc(Cl)c(Cl)cc1Cl,4.727
COC(=O)c1ccc(O)cc1O,3.603
CC/C(C)=N/O,2.014
O=[N+]([O-])c1cccc([N+](=O)[O-])c1O,3.666
CCCCN(C=O)CCCC,3.246
CC(C)=CC1C(C(=O)OCc2ccc(C)cc2C)C1(C)C,6.665
CCCCCC=O,3.756
ClC=C(Cl)Cl,3.47
CCOP(=S)(OCC)OP(=S)(OCC)OCC,6.258
CCCCCCC1CCC(=O)O1,3.976
Cc1cc(O)ccc1Cl,4.416
Nc1c(F)c(F)c(F)c(F)c1F,3.693
S=c1[nH]c2ccccc2s1,4.182
CCOc1ccc(C=O)cc1,3.736
CC1(C)OCC(CO)O1,0.898
Cc1ccc(S(=O)(=O)n2ccnc2)cc1,3.726
O=Cc1cccc([N+](=O)[O-])c1,4.416
CCCCOc1ccccc1,4.416
COP(=S)(OC)Oc1ccc([N+](=O)[O-])c(Cl)c1,5.027
CC(C)(C)c1ccc(Oc2cccc(C=O)c2)cc1,5.842
N#Cc1cc(I)c(O)c(I)c1,4.737
CCC(=O)CC,1.748
Cc1c(N)cccc1[N+](=O)[O-],3.484
COc1cc(OC)c(OC)cc1C=O,3.598
C=C1C2CCC3C2C(C)(C)CCCC13C,4.302
CC(=O)c1ccc(Cl)c(Cl)c1Cl,5.048
ClC1=C(Cl)C2(Cl)C=CC1(Cl)C2(Cl)Cl,6.201
NC(=O)c1ccccc1,2.263
O=C(Nc1ccc(Cl)cc1)Nc1ccc(Cl)c(Cl)c1,6.535
OCc1ccccc1,2.371
N#Cc1cc(Br)c(O)c(Br)c1,4.302
Cc1ccncc1,2.364
CC(C)C1=CC2=CCC3[C@](C)(C(=O)O)CCC[C@]3(C)C2CC1,5.104
O=[N+]([O-])c1ccc(/C=C/c2cccc(CO)n2)o1,5.478
CCOP(=S)(OCC)SCCSCC,4.854
CSCCCCCCSC,4.247
CCO,0.534
C=CC(=C)C,2.952
CC(C)Nc1nc(Cl)nc(NC2CC2)n1,4.8
ClC1=C(Cl)C2(Cl)C3C(Cl)C(Cl)CC3C1(Cl)C2(Cl)Cl,6.819
C=CCC(O)C=C,3.411
NCc1ccccc1,3.021
IC(I)I,5.13
O=[N+]([O-])c1ccccc1[N+](=O)[O-],5.447
O[C@@H]1C[C@H]2CC[C@@H]1C2,2.692
Nc1ccccc1C(=O)c1ccc(Cl)cc1,5.039
COP(=O)(OC)OC=C(Cl)Cl,4.742
COc1cc(C=O)ccc1O,3.118
COc1ccc(C(C)=O)c(OC)c1OC,3.025
CC(C)C(C)N,2.487
Brc1ccc(Br)cc1,5.284
Brc1ccsc1,4.421
CCC(=O)Nc1ccc(Cl)c(Cl)c1,4.404
CC(C)(C)O,1.063
COC(C)(C)C,2.118
Cc1cc(C)c(C#N)c(=O)[nH]1,2.975
CC(C)(O)C(Cl)(Cl)Cl,3.119
CCCCCCCCCc1ccc(O)cc1,5.912
COC(=O)c1ccc(C#N)cc1,3.537
Cl[C@H]1[C@H](Cl)[C@@H](Cl)[C@@H](Cl)[C@H](Cl)[C@H]1Cl,6.607
Nc1ccc(F)cc1C(F)(F)F,3.782
CCOC(=O)C(F)(F)F,1.153
NC(=O)C(Cl)Cl,2.725
Fc1ccc(Oc2ccc(F)cc2)cc1,5.262
CCOC(=O)N(C(=O)OCC)C(=O)OCC,4.244
c1ccc(-c2ccccc2)cc1,4.72
CCCCCC(C)=O,2.94
CCNS(=O)(=O)C(F)(F)C(F)(F)C(F)(F)C(F)(F)C(F)(F)C(F)(F)C(F)(F)C(F)(F)F,6.446
C1CCOC1,1.524
CCCCNC(=O)n1c(NC(=O)OC)nc2ccccc21,5.184
O=C(O)c1c(F)cccc1F,3.36
O=[N+]([O-])c1cccc(Cl)c1,3.933
COP(=O)(OC)OC(Br)C(Cl)(Cl)Br,5.062
CCCCCCCCS(=O)C(C)Cc1ccc2c(c1)OCO2,5.642
O=S(Cc1ccccc1)Cc1ccccc1,3.459
C/C=N/O,2.891
Clc1cc(Cl)c(Cl)c(Cl)c1Cl,5.913
COP(=S)(OC)SCn1nnc2ccccc2c1=O,5.507
CC(=O)Nc1ccccc1O,3.661
OC1CCCCC1,2.07
CN(C)c1nc(=O)n(C2CCCCC2)c(=O)n1C,2.964
Oc1c(O)c(Cl)c(Cl)c(Cl)c1Cl,5.29
CCOC(=O)C(Cl)C(=O)OCC,5.311
N#CCCOCCC#N,1.52
O=C(O)CNCP(=O)(O)O,4.571
C=C(C)C(=O)OC,2.495
O=C(O)c1c(Cl)ccc(Cl)c1Cl,4.424
CNC(=O)Oc1cccc2c1OC(C)(C)C2,5.404
C#CC(C)(C)O,1.408
COP(=O)(O)OC,3.845
CCCCCN,2.692
Oc1cccc(Cl)n1,2.782
CC(C)c1cccc(C(C)C)c1N,4.096
Oc1cccnc1Cl,2.319
N#Cc1c(Cl)cccc1Cl,4.42
O=C(CCl)c1ccc(Cl)cc1,4.208
O=[N+]([O-])c1ccc(O)cc1,3.531
O=S(=O)([O-])c1ccc[n+](Cc2ccccc2)c1,2.015
O[C@@H]1CCCC[C@H]1c1ccccc1,3.599
CCCCCCCCCCCCO,5.266
COCCN,2.156
c1ccc(-c2cccc(-c3ccccc3)n2)cc1,6.038
N#Cc1cccc(C(F)(F)F)c1,3.555
CC(C)[C@@H]1CC[C@@H](C)C[C@H]1O,3.917
Cc1cocn1,1.777
COP(=S)(OC)Oc1ccc([N+](=O)[O-])cc1,4.508
Oc1cccnc1Br,2.569
Cc1cc([N+](=O)[O-])cc([N+](=O)[O-])c1O,5.013
CC#N,1.613
O=C(O)C(Br)Br,3.499
C#CC(O)CCCCC,5.485
C#CC(O)CCCC,4.804
Nc1ccc(O)c([N+](=O)[O-])c1,3.629
CCOC(=O)CC(=O)OCC,4.016
Oc1cccc2ccccc12,4.538
CCCCC=O,3.825
C=CCCl,3.546
CC1=CCC(=C(C)C)CC1,5.052
CC(C)O,0.778
CC(C)(C)c1ccc(CSc2cnn(C(C)(C)C)c(=O)c2Cl)cc1,8.2
COC(=O)c1cc(Cl)ccc1Cl,4.169
Cc1cccnc1,2.811
O=C1CCCCC1,2.193
CC(C)Oc1cccc(NC(=O)c2ccccc2C(F)(F)F)c1,4.828
O=C(c1ccccc1)c1ccncc1,3.25
CCCCOCCOC(=O)C(C)Oc1cc(Cl)c(Cl)cc1Cl,5.568
O=S(c1ccccc1)c1ccccc1,3.365
CCCCCCC(C)N,4.396
CCCCCO,2.217
Cc1ccc(C)o1,3.131
Nc1ccccc1,2.993
O=[N+]([O-])c1ccc(F)cc1,3.696
C=COC(C)=O,3.573
CC(C)=CCC/C(C)=C/CO,4.586
C1=CC2CCC1C2,3.974
Cc1cc([N+](=O)[O-])cc([N+](=O)[O-])c1,3.912
CC(C)C(C(=O)OC(C#N)c1cccc(Oc2ccccc2)c1)c1ccc(Cl)cc1,8.137
OCC#CCO,3.206
CCCBr,3.262
O=[N+]([O-])N1CN([N+](=O)[O-])CN([N+](=O)[O-])C1,4.305
Clc1ccccc1-c1ccccc1,4.674
C=CC(=O)OCC(C)C,4.786
Cc1ncc[nH]1,2.458
ClCC(Cl)Cl,3.213
ClCCCCCCl,3.746
CCOC(=O)CCCCC(=O)OCC,4.05
N#CCCCCCCC#N,2.412
O=Cc1ccc(O)cc1O,4.023
c1ccc2occc2c1,3.926
Cc1ccc(N)c(Cl)c1,3.594
Brc1ccc(Oc2ccccc2)cc1,5.643
O=C1C2(Cl)C3(Cl)C4(Cl)C(Cl)(Cl)C5(Cl)C3(Cl)C1(Cl)C5(Cl)C24Cl,6.113
CCN(CC)c1ccc(C=O)cc1,3.87
CCCO,1.12
CC(O)CO,0.349
CCCCOCCOP(=O)(OCCOCCCC)OCCOCCCC,4.551
CC(=O)C(C)C,1.999
Oc1ccccc1Cl,4.019
O=[N+]([O-])OCC(CO[N+](=O)[O-])O[N+](=O)[O-],4.919
Cc1c([N+](=O)[O-])ccc([N+](=O)[O-])c1[N+](=O)[O-],6.317
OCCCc1cccnc1,2.961
CC1(C)C(=O)N(Cl)C(=O)N1Br,1.234
CC(C)(C)SSC(C)(C)C,5.115
c1ccccc1,3.445
CC1(C)NC(=O)NC1=O,0.89
Nc1ccc(Cl)c(Cl)c1Cl,4.737
COC(=O)C1C(C(=O)OC)C2(Cl)C(Cl)=C(Cl)C1(Cl)C2(Cl)Cl,5.383
O=C(Oc1ccccc1)c1ccccc1C(=O)Oc1ccccc1,6.6
CC(C)OP(C)(=O)OC(C)C,2.451
C=C(C)[C@H]1CC=C(C)CC1,5.282
CCCN,2.283
CCCCc1ccc(N)cc1,4.165
CCCCCC(=O)OCC,4.208
Cc1ccc(Cl)c(Cl)c1,4.743
CCCCC(=O)CCCC,3.662
CC(C)(C)c1cc(C(C)(C)C)c(O)c(C(C)(C)C)c1,6.634
O=C1c2ccccc2C(=O)N1SC(Cl)(Cl)Cl,6.207
O=C(O)c1cccc(C(=O)O)n1,2.715
S=c1[nH]c2cc(Cl)ccc2s1,4.798
CC(O)CCl,2.586
Cc1ccccc1F,3.753
c1ccc2c(c1)[nH]c1ccccc12,5.255
ClC1CCCC[C@H]1Cl,3.92
NC(=O)c1ccccc1N,2.537
CCOP(=O)(OCC)Oc1ccc([N+](=O)[O-])cc1,5.981
Nc1ccc([N+](=O)[O-])cc1,3.079
OCCN1CCNCC1,1.308
CC(C)[C@H](C(=O)O[C@H](C#N)c1cccc(Oc2ccccc2)c1)c1ccc(Cl)cc1,9.261
CCOCCOCCO,0.985
c1ccc(CN2CCNCC2)cc1,3.57
CCCCCCN,3.252
CC(O)CN,1.474
O=Cc1ccc(Oc2ccccc2)cc1,4.634
CC(C)(c1ccc(O)cc1)c1ccc(O)cc1,4.691
C#CC(C)O,3.777
CCN(CC)CCCC(C)=O,2.67
O=[N+]([O-])N1CN([N+](=O)[O-])CN([N+](=O)[O-])CN([N+](=O)[O-])C1,4.295
BrCCCBr,5.052
C=CC(=O)OCC(C)O,4.59
O=C(O)CN(CCN(CC(=O)O)CC(=O)O)CC(=O)O,3.689
CCCCCCOc1ccc(N)cc1,4.777
CCCN(CCC)c1c([N+](=O)[O-])cc(C(C)C)cc1[N+](=O)[O-],5.852
Clc1ccccc1,3.645
CCCCCCCCCCCO,5.219
CC(=O)/C=C/C1=C(C)CCCC1(C)C,4.577
CCOP(=S)(OCC)Oc1cc(C)nc(C(C)C)n1,4.811
C=C(Cl)Cl,2.856
CCN(CC)c1c([N+](=O)[O-])cc(C(F)(F)F)c(N)c1[N+](=O)[O-],5.393
Nc1c(Cl)c(Cl)cc(Cl)c1Cl,5.93
CC(C)=C1C=C2CCC3[C@](C)(C(=O)O)CCC[C@]3(C)C2CC1,5.307
Clc1ccc(Cl)c(Cl)c1Cl,5.293
O=c1cc(-c2ccccc2)oc2ccccc12,4.803
COC(=O)c1ccc([N+](=O)[O-])cc1,3.885
N#CC(Br)(Br)C(N)=O,5.128
CCNc1nc(Cl)nc(NC(C)(C)C#N)n1,4.116
O=C(O)CCCCC(=O)O,3.178
O=C(Nc1ccccc1)c1ccccc1O,7.426
Cc1cccc([N+](=O)[O-])c1[N+](=O)[O-],4.993
COP(=O)(OC)C(O)C(Cl)(Cl)Cl,3.373
CCC(O)C(C)CO,1.134
CC(C)=CC1C(C(=O)OCc2coc(Cc3ccccc3)c2)C1(C)C,7.899
CCC(=O)c1ccc(N)cc1,3.009
CCN(CC)c1ccc(C=O)c(O)c1,4.557
Cc1cccc([N+](=O)[O-])c1,3.643
CCCCOC(=O)/C=C/C(=O)OCCCC,5.522
CNC(=O)Oc1ccccc1OC(C)C,4.376
CO[PH](=O)OC,2.689
CCCSSCCC,4.759
CCCCOC(=O)c1ccccc1C(=O)OCCCC,5.367
ClCCl,2.424
CCc1ccc(N)cc1,3.22
CCc1ccc(O)cc1,4.07
Nc1cc([N+](=O)[O-])cc([N+](=O)[O-])c1,3.934
c1ccc2c(c1)oc1ccccc12,4.967
CCc1cccc(C)c1N(C(=O)CCl)C(C)COC,4.539
NCCCN1CCN(CCCN)CC1,1.81
Cc1cc([N+](=O)[O-])ccc1[N+](=O)[O-],5.146
CCOC(=O)c1ccccc1,4.247
CC1=CC(=O)CC(C)(C)C1,2.737
O=Cc1c(F)cccc1Cl,4.227
COc1cccc(OC)c1C,3.877
ClC(Cl)(Cl)Cl,3.57
O=C(c1ccccc1)c1ccccc1,4.092
CCCC(C)C=O,3.727
ClCc1ccccc1,4.403
CC1(C)C(C=C(Cl)Cl)C1C(=O)OCc1cccc(Oc2ccccc2)c1,7.211
Clc1cccc(-c2ccccc2)c1,4.384
NCCCN,1.794
CCCCOC(C)=O,3.81
C#CC(C)(O)CCC(C)C,3.457
N#Cc1ccccc1,3.002
CC(=O)c1ccncc1,2.858
ClCC(Cl)CCl,3.408
Clc1ccc(Cl)c(Cl)c1,4.8
O=C(Nc1cccc(Cl)c1)c1cccc([N+](=O)[O-])c1O,6.077
COc1cc(C=O)cc(Br)c1O,3.588
CCOP(=S)(OCC)O/N=C(\C#N)c1ccccc1,5.012
CCOC(N)=O,1.231
CCOC(=O)c1ccccc1O,3.924
CC(O)(c1ccc(Cl)cc1)c1ccc(Cl)cc1,5.245
O=S1OCC2C(CO1)C1(Cl)C(Cl)=C(Cl)C2(Cl)C1(Cl)Cl,8.484
C1=CC2C3C=CC(C3)C2C1,3.407
O=Cc1ccco1,3.569
O=Cc1cccc(C(F)(F)F)c1,5.277
CC(C)CCCCCOC(=O)C(C)Oc1cc(Cl)c(Cl)cc1Cl,4.239
Cc1cccc(Cl)c1C#N,4.002
CC/C=C\CCO,2.42
Cc1cccc(O)c1,3.287
CCN(CC)CCO,1.818
CCCCCC,4.537
c1ccc2c(c1)CCO2,3.167
Oc1ccccc1O,4.287
Nc1ccc(F)cc1,3.818
CCCCCCCCCN,4.822
CC(C)(C)SC(C)(C)C,3.701
O=Cc1cc([N+](=O)[O-])ccc1Cl,4.672
CN(C)c1ccccn1,2.983
Cc1ccc(N=C=O)cc1N=C=O,3.025
CN(C)c1ccccc1,3.267
CCN(CC)C(C)=O,1.885
Cc1cccc(O)c1[N+](=O)[O-],3.521
OCCN1CCOCC1,1.685
CCNCCO,1.78
C=CCC1=C(C)C(OC(=O)[C@@H]2[C@@H](C=C(C)C)C2(C)C)CC1=O,6.699
COCOC,1.037
O/N=C/c1ccccc1O,4.628
Cc1ccc(C)c(C)c1,4.192
CC#CCO,3.841
CCOC(=O)c1ccc(N)cc1,3.665
CC1(C)C(C(=O)OC(C#N)c2cccc(Oc3ccccc3)c2)C1(C)C,8.169
CNc1ccccc1,3.03
Nc1ccc(Br)cc1,3.559
Cc1cccc(C)c1,3.822
C=CCNc1ccccc1,3.569
Cc1cc2cccc(C)c2cc1C,4.425
COP(O)(=S)OC,3.524
CCC(C)(C)c1ccc(O)cc1,4.802
OCCN(CCO)c1ccccc1,2.392
CCCCCCCCCCCCN,6.255
Cc1ccc([N+](=O)[O-])c(N)c1,3.787
OC(c1ccc(Cl)cc1)(c1ccc(Cl)cc1)C(Cl)(Cl)Cl,5.861
COP(=O)(OC)OC,1.301
O=P(O)(CO)CO,3.638
COC(=O)C1(O)c2ccccc2-c2ccc(Cl)cc21,5.277
CCCCCC(=O)O,2.84
C/C=C/C=C/C,3.614
CCOc1ccc(N)c([N+](=O)[O-])c1,3.846
O=P(O)(O)CCCl,3.046
NC(=O)c1ccccc1O,3.133
OC(C(F)(F)F)C(F)(F)F,2.838
CCCCCCCC1CCC(=O)O1,2.092
CCN(CCO)c1cccc(C)c1,3.53
Oc1c(Cl)c(Cl)c(Cl)c(Cl)c1Cl,6.027
C#CC(C)O,3.777
C=CCC#N,2.567
CCOC(=O)C(Cc1ccccc1)C(=O)OCC,4.664
CC(C)COC(=O)c1ccccc1C(=O)OCC(C)C,5.49
Cc1ccc(O)c(C)c1,3.856
COP(=S)(OC)Oc1cc(Cl)c(Cl)cc1Cl,6.023
C=C(CCl)CCl,5.82
CCNc1nc(Cl)nc(NC(C)C)n1,4.158
Cc1cc(C)c([N+](=O)[O-])cc1[N+](=O)[O-],4.395
C=CCC1=C(C)C(OC(=O)C2C(C=C(C)C)C2(C)C)CC1=O,6.667
CCCCCCCCOC(=O)C(C)O,3.926
S=C(Nc1ccccc1)Nc1ccccc1,4.082
ClCCCCCl,3.391
Cc1c(N)cc([N+](=O)[O-])cc1[N+](=O)[O-],4.12
COP(=O)(OC)O/C(C)=C\C(=O)OC(C)c1ccccc1,4.422
CC(C)c1ccc2c(c1)CCC1[C@]2(C)CCC[C@@]1(C)C(=O)O,4.973
CCCCCCOc1ccc(C=O)cc1OC,4.947
COc1cc(Cl)c(Cl)cc1O,4.635
Cc1ccc(N)cc1[N+](=O)[O-],3.768
Cc1c([N+](=O)[O-])cc(N)cc1[N+](=O)[O-],4.456
CC1(C)[C@H]2CC[C@]1(C)[C@H](O)C2,3.387
O=C(Oc1ccccc1)c1ccccc1O,5.276
CC12CCC(CC1)C(C)(C)O2,3.18
CC(=O)c1cccn1C,2.895
C=CC(N)=O,2.793
Cc1cc(Cl)ccc1OCCCC(=O)O,4.262
c1ccncc1,2.914
CCNCC,1.932
CCNc1cccc(C)c1,3.436
c1ccc(SSc2ccccc2)cc1,6.298
OCC(Cl)(Cl)Cl,2.818
O=[N+]([O-])c1ccccc1O,2.939
CCOC(=O)C(C)N(C(=O)c1ccccc1)c1ccc(Cl)c(Cl)c1,5.814
Cc1ccccc1[N+](=O)[O-],3.563
COc1ccc(OC)c(C(=O)CBr)c1,6.648
Nc1c(Cl)c(Cl)nc(C(=O)O)c1Cl,3.64
CCC(C)=O,1.35
Cc1c(Cl)cccc1NC=O,3.561
Cc1ccc(N)c([N+](=O)[O-])c1,3.788
C#CC(C)(O)c1ccccc1,3.112
CC(O)C#N,4.897
CCOP(=S)(OCC)SCSCC,6.018
O=[N+]([O-])c1cc([N+](=O)[O-])c(Cl)cc1Cl,6.784
COCCCNCc1cc(OC)c(OC)c(OC)c1,3.297
CCC(C)C(C)C=O,3.853
CCCCCCCCCC(C)=O,5.055
O=P(c1ccccc1)(c1ccccc1)c1ccccc1,3.715
C=C(C)C(=O)OCc1ccccc1,4.577
CC1(N)CCC(C(C)(C)N)CC1,3.416
CC1(C)C(C=C2CCCC2)C1C(=O)OCc1coc(Cc2ccccc2)c1,8.571
CC(Cl)(Cl)Cl,3.402
c1cc[n+]2c(c1)-c1cccc[n+]1CC2,4.119
C=C[C@@]1(C)CCC2C(=CCC3[C@](C)(C(=O)O)CCC[C@]23C)C1,5.541
CCCN(CCC)CCC,3.449
C1COCCO1,0.931
Cc1ccc(O)cc1C,3.941
ClC(Cl)C(Cl)Cl,3.916
NCCN,2.576
c1ccc2nc3ccccc3cc2c1,4.892
CC(C)(C)CN,2.264
C#CC(C)(O)CC,1.905
CCCCOC(=O)CCC,4.095
O=C1C2CC3CC(C2)CC1C3,3.393
Cn1cc(-c2ccccc2)c(=O)c(-c2cccc(C(F)(F)F)c2)c1,4.175
Cc1nc(C)c(C)o1,2.395
O=[N+]([O-])OCCOCCO[N+](=O)[O-],2.601
CNC(=O)Oc1cccc2ccccc12,4.446
Clc1nc(Cl)c(Cl)c(Cl)c1Cl,5.73
CC(=O)O,2.857
CC(C)C(C(=O)OC(C#N)c1cccc(Oc2ccccc2)c1)c1ccc(OC(F)F)cc1,8.976
CCOP(=S)(OCC)Oc1nc(Cl)c(Cl)cc1Cl,6.356
CC(C)(C)CCN,2.226
c1ccc(C2CO2)cc1,3.995
Oc1ccc(Cl)cc1O,4.961
Cc1cc(N)c([N+](=O)[O-])cc1[N+](=O)[O-],4.915
CCOC(=O)CCC(=O)OCC,3.095
ClC(Cl)Cl,3.094
O=C(O)C(Cl)(Cl)Cl,1.912
CCOP(=S)(OCC)SCSC(C)(C)C,6.81
CC(=O)Nc1cccc(O)c1,2.126
CCN(CC)N=O,2.12
C=C(C)C(=C)C,4.075
Cc1c([N+](=O)[O-])ccc(N)c1[N+](=O)[O-],4.249
CCC1(c2ccccc2)C(=O)NC(=O)NC1=O,2.681
N#Cc1cccc([N+](=O)[O-])c1,3.391
O=CCCCC=O,4.102
Oc1ccc(Cl)cn1,2.056
COP(=S)(OC)SCN1C(=O)c2ccccc2C1=O,4.593
CC(C)=CCC/C(C)=C/CN(C/C=C(\C)CCC=C(C)C)CCO,6.408
CCCC(C)=O,1.842
CCCCBr,3.572
O=C(c1ccc(Br)cc1)c1cccnc1,4.109
CCC(C)C=O,3.936
c1ccc2cccc-2cc1,4.154
CCOC(=O)C(C)Oc1ccc(Oc2nc3ccc(Cl)cc3o2)cc1,4.706
CCCCN,2.436
Brc1nc(Br)c(Br)[nH]1,4.697
C=CC#N,3.569
CC(=O)Nc1ccc(O)cc1,2.269
CN(C)C(=O)NC1CC2CC1C1CCCC21,3.842
CCCCN(CC)c1c([N+](=O)[O-])cc(C(F)(F)F)cc1[N+](=O)[O-],6.525
C=CC(=O)OCCO,4.384
C/C=C/C=O,4.921
OCCOc1ccccc1,2.604
Nc1ccc(C(=O)Oc2ccccc2)c(O)c1,4.682
Oc1cc(Cl)ccc1Oc1ccc(Cl)cc1Cl,5.985
C=CCc1ccc(O)c(OC)c1,3.835
COP(=S)(S)OC,3.828
Cc1ccc(N(C)C)cc1,3.415
CC(C)SSC(C)C,4.257
COP(=O)(OC)Oc1nc(Cl)c(Cl)cc1Cl,8.164
Cc1cccc(Cl)n1,2.74
C1CCCCC1,3.298
c1ccc2cnncc2c1,3.114
CNC(=O)O/N=C(\SC)C(=O)N(C)C,4.512
OCCOCCOCCO,0.309
C=C(C)C(=O)OCCOCC,3.757
CCCCCCCCOc1ccccc1NC(C)=O,5.767
CCCCCCCC/C=C\CCCCCCCC(=O)O,3.139
Oc1c(Cl)cc(Cl)c(Cl)c1Cl,5.352
OCC(F)(F)F,2.925
Cc1ccccn1,2.016
CC1(C)[C@@H]2CC[C@@]1(C)C(=O)C2,3.141
CC(Oc1cc(Cl)c(Cl)cc1Cl)C(=O)O,4.198
O=Cc1ccccc1O,4.725
CC(C)CO,1.703
