smiles,label
O=C(O)COc1ccc(Cl)cc1Cl,2.925
CC(O)(c1ccc(Cl)cc1)c1ccc(Cl)cc1,5.245
CC(N)CN,1.817
COC(=O)c1cc(Cl)ccc1Cl,4.169
CCCCC=O,3.825
CCN(CC)c1c([N+](=O)[O-])cc(C(F)(F)F)c(N)c1[N+](=O)[O-],5.393
c1ccc(-c2ccccc2)cc1,4.72
CC1=CCC(=C(C)C)CC1,5.052
CCC(=O)CC,1.748
C=CC(=O)OCC,4.603
c1cc2c3c(cccc3c1)CC2,4.984
Cc1cc(N)c([N+](=O)[O-])cc1[N+](=O)[O-],4.915
N#Cc1sc2c(=O)c3ccccc3c(=O)c=2sc1C#N,6.254
Cc1c([N+](=O)[O-])cccc1[N+](=O)[O-],3.978
CCCCCCC1CCC(=O)O1,3.976
Cn1cc(-c2ccccc2)c(=O)c(-c2cccc(C(F)(F)F)c2)c1,4.175
c1ccc(-c2cccc(-c3ccccc3)n2)cc1,6.038
CC(C)=C1C=C2CCC3[C@](C)(C(=O)O)CCC[C@]3(C)C2CC1,5.307
CCOP(=S)(OCC)SCSP(=S)(OCC)OCC,5.728
Nc1ccc(C(=O)Oc2ccccc2)c(O)c1,4.682
CCCCCCCCC(=O)O,3.182
CSCCCCCCSC,4.247
COC(=O)c1ccc(C(=O)OC)c(N)c1,4.369
OCC(Br)CBr,3.487
C=C(C)C(=O)OC,2.495
C=C(C)C(=O)OCc1ccccc1,4.577
ClC(Cl)Cl,3.094
C#CC1(O)CCCCC1,2.686
CCCCCC(C)=O,2.94
C#CCCO,3.288
CCCCCCCCCCCC(C)=O,5.741
CCOc1ccc(C=O)cc1,3.736
Clc1ccc(Cl)c(Cl)c1Cl,5.293
CCC(C)C=O,3.936
CC(C)(C)SSC(C)(C)C,5.115
CC1(C)C(=O)N(Cl)C(=O)N1Br,1.234
CCc1ccc(N)cc1,3.22
Cc1ccc(Cl)c(Cl)c1,4.743
Clc1ccccc1Cl,3.411
ClC1=C(Cl)C2(Cl)C3C4OC4(Cl)C(Cl)C3C1(Cl)C2(Cl)Cl,8.1
CC(=O)Br,3.481
O=[N+]([O-])c1ccc(O)c([N+](=O)[O-])c1,4.224
O=c1cc(-c2ccccc2)oc2ccccc12,4.803
CCN(CC)c1ccccc1,3.959
C=CCNc1ccccc1,3.569
CC(C)SSC(C)C,4.257
Cc1cocn1,1.777
CCOC(=O)C(F)(F)F,1.153
CC#N,1.613
C1=CC2CCC1C2,3.974
CCNc1cccc(C)c1,3.436
C=CCN=C=S,6.064
CCCCCCO,2.941
Cc1cccc2ccccc12,4.199
CCCCOC(=O)CCC,4.095
C=C(C)[C@H]1Cc2c(ccc3c2OC2COc4cc(OC)c(OC)cc4C2C3=O)O1,7.818
CCOCCOCCO,0.985
CC(C)Oc1cccc(NC(=O)c2ccccc2C(F)(F)F)c1,4.828
CNC(=O)Oc1cccc2ccccc12,4.446
IC(I)I,5.13
CN(C)Cc1ccccc1,3.554
N#Cc1cc(Br)c(O)c(Br)c1,4.302
CCc1cccc(CC)c1N(COC)C(=O)CCl,4.732
CCCCCCCCBr,5.363
O=Cc1ccccc1,3.919
Cc1c([N+](=O)[O-])ccc(N)c1[N+](=O)[O-],4.249
Cc1cccc(Cl)c1C#N,4.002
ClCC(Cl)Cl,3.213
CCNS(=O)(=O)C(F)(F)C(F)(F)C(F)(F)C(F)(F)C(F)(F)C(F)(F)C(F)(F)C(F)(F)F,6.446
CCN(CC)CCO,1.818
Cc1nnc(N)nc1C,2.115
CCCCCCCCC#N,4.305
CC(C)COC(=O)c1ccccc1C(=O)OCC(C)C,5.49
O=Cc1cccc([N+](=O)[O-])c1,4.416
CCCCOCCOC(=O)COc1ccc(Cl)cc1Cl,5.052
O=Cc1ccc([N+](=O)[O-])cc1,4.175
O=C1c2c(O)ccc(O)c2C(=O)c2c(NCCO)ccc(NCCO)c21,3.838
O=Cc1ccc(O)cc1O,4.023
CS(C)=O,0.361
OCCOc1ccccc1,2.604
Cc1ccc(N)cc1N,1.935
O=Cc1cccc(Oc2ccc(Cl)c(Cl)c2)c1,5.95
CCC(C)N,2.425
COC(=O)C1(O)c2ccccc2-c2ccc(Cl)cc21,5.277
CC(C)(C)c1ccc(C(N)=O)cc1,3.745
CCCCOC(=O)/C=C/C(=O)OCCCC,5.522
N#CCC#N,5.072
COCCCNCc1cc(OC)c(OC)c(OC)c1,3.297
N#Cc1c(Cl)cccc1Cl,4.42
CC=O,3.076
c1ccncc1,2.914
NCCO,1.47
CC1(C)OCC(CO)O1,0.898
CCOC(N)=O,1.231
O=Cc1ccc(Cl)cc1Cl,4.988
N#CC(Br)Br,5.558
C=C(C)C(=O)OCCO,2.758
Oc1ccc(Oc2ccccc2)cc1,4.575
O=[N+]([O-])c1cccc(Cl)c1,3.933
C=C1CCC2CC1C2(C)C,5.434
CN(C)c1ccccn1,2.983
Cc1cccc(O)c1[N+](=O)[O-],3.521
CCC(O)C(C)CO,1.134
O=C(O)CNCP(=O)(O)O,4.571
Cc1c([N+](=O)[O-])ccc([N+](=O)[O-])c1[N+](=O)[O-],6.317
C1COCCO1,0.931
CC(C)(c1cc(Br)c(O)c(Br)c1)c1cc(Br)c(O)c(Br)c1,5.835
CCCCN(C=O)CCCC,3.246
C#CCC(C)O,3.38
O=[N+]([O-])c1ccc(Oc2ccccc2)cc1,4.91
CCN(CCO)c1cccc(C)c1,3.53
CCOC(=O)/C=C/C(=O)OCC,4.583
OC(c1ccc(Cl)cc1)(c1ccc(Cl)cc1)C(Cl)(Cl)Cl,5.861
CCSC(=O)N1CCCCCC1,3.841
Nc1ccc(Cl)cc1,3.62
N#CCCOCCC#N,1.52
CC(C)(c1ccc(O)cc1)c1ccc(O)cc1,4.691
Cc1cccnc1,2.811
Oc1ccc(Oc2ccc(O)cc2)cc1,4.544
C=C(C)C(=O)OCCOCC,3.757
CCCCOc1ccccc1,4.416
CCN(CC)C(C)=O,1.885
NCCN,2.576
O=C(CCl)c1ccc(Cl)cc1,4.208
CCCCOC(=O)c1ccccc1C(=O)OCc1ccccc1,5.224
C=CCC#N,2.567
COC(=O)c1ccc(C(=O)OC)c([N+](=O)[O-])c1,4.564
CN1CCNCC1,1.639
Clc1ccc(Cl)c(-c2ccccc2Cl)c1,6.882
Cc1ccccc1F,3.753
Cc1c([N+](=O)[O-])cc(N)cc1[N+](=O)[O-],4.456
CC1CNCCN1,1.65
CCCCCOCCCCC,4.709
CC(C)CC=O,4.423
CC(C)=CC1C(C(=O)OCc2ccc(C)cc2C)C1(C)C,6.665
C1OCOCO1,1.18
CCC(C)c1cccc(OC(=O)N(C)Sc2ccccc2)c1,6.907
Cc1ccccn1,2.016
CN(C)C(=O)C(c1ccccc1)c1ccccc1,3.698
CC(C)C1=CC2=CCC3[C@](C)(C(=O)O)CCC[C@]3(C)C2CC1,5.104
Nc1ccc(Br)cc1,3.559
CNC(=O)Oc1cc(C)c(N(C)C)c(C)c1,4.116
CCCCOC(=O)c1ccccc1C(=O)OCCCC,5.367
Clc1ccccc1-c1ccccc1,4.674
COc1cc(O)c(C=O)c(OC)c1,4.832
CCOC(=O)C(C)N(C(=O)c1ccccc1)c1ccc(Cl)c(Cl)c1,5.683
C=CC(=O)OC1CCCCC1,5.018
Cc1cc(O)ccc1Cl,4.416
CC(C)(O)CCc1ccccc1,3.393
Brc1ccccc1Br,4.762
CCCCCCCC(C)=O,3.971
Nc1ccc(Cl)c(Cl)c1Cl,4.737
Oc1ccc(Cl)cc1Cc1cc(Cl)ccc1O,5.939
Oc1cc(Cl)c(Cl)cc1Cl,5.266
CC(=O)/C=C/C1=C(C)CCCC1(C)C,4.577
NCc1ccccc1,3.021
COc1cccc(O)c1,3.222
Fc1ccc(Oc2ccc(F)cc2)cc1,5.262
CC(=O)Cl,3.272
CN(C)C(=S)SSC(=S)N(C)C,7.045
C=CC(C)(O)CCC1C(=C)CCC2C(C)(C)CCCC12C,6.384
CC1(N)CCC(C(C)(C)N)CC1,3.416
Brc1nc(Br)c(Br)[nH]1,4.697
Oc1c(I)cc(I)cc1I,5.591
NC(=O)c1ccccc1O,3.133
OCCN1CCNCC1,1.308
N#CCCl,4.748
C=CC(O)CCC,3.518
O=C(NC(=O)c1c(F)cccc1F)Nc1ccc(Cl)cc1,2.859
N#Cc1cc(Cl)c(O)c(Cl)c1,3.889
NC(=O)c1ccc(Cl)cc1Cl,3.298
ClC1=C(Cl)C2(Cl)C3C(Cl)C(Cl)CC3C1(Cl)C2(Cl)Cl,6.819
CC(C)c1ccccc1,4.279
Oc1ccc(Cl)cc1O,4.961
O=CN(c1ccccc1)c1ccccc1,3.812
Cc1ccc(C(C)C)c(O)c1,4.672
O[C@@H]1C[C@H]2CC[C@@H]1C2,2.692
N#Cc1cc(I)c(O)c(I)c1,4.737
Clc1cc(Cl)c(Cl)c(Cl)c1Cl,5.913
N#Cc1ccccc1C(F)(F)F,3.608
CCCCCCCCCCc1ccc(N)cc1,6.569
ClCC(Cl)CCl,3.408
CCN(CC)C(=O)/C(Cl)=C(\C)OP(=O)(OC)OC,3.477
COc1cc(C=O)ccc1O,3.118
CCCCN(CC)c1c([N+](=O)[O-])cc(C(F)(F)F)cc1[N+](=O)[O-],6.525
Nc1ccccc1C(=O)c1ccc(Cl)cc1,5.039
CCOP(=S)(OCC)SC1OCCOC1SP(=S)(OCC)OCC,4.659
c1ccc2c(c1)CCO2,3.167
C1C2CC3CC1CC(C2)C3,5.679
C=CC(=O)OCCCCCC,5.146
N#Cc1ccc([N+](=O)[O-])cc1,3.783
CCOP(=S)(OCC)Oc1nc(Cl)c(Cl)cc1Cl,6.356
Cc1ccc(N)c(Cl)c1,3.594
COP(O)(=S)OC,3.524
CCNc1nc(Cl)nc(NC(C)C)n1,4.158
CCCCCCCCCCCO,5.219
C=C1C2CCC3C2C(C)(C)CCCC13C,4.302
c1ccc(Oc2ccccc2)cc1,4.629
CCNc1nc(NC(C)C)nc(SC)n1,4.377
CCOP(=S)(OCC)SCSc1ccc(Cl)cc1,6.177
O=Cc1cccc(C(F)(F)F)c1,5.277
c1ccc2c(c1)[nH]c1ccccc12,5.255
ClC(Cl)(Cl)C(Cl)(Cl)Cl,5.242
O=Cc1ccc(Cl)cc1,4.805
Oc1ccccc1O,4.287
O=Cc1ccco1,3.569
CCOCC,1.462
Cc1ccc([N+](=O)[O-])c(N)c1,3.787
OCCCCl,2.072
Clc1ccc(C(c2ccc(Cl)cc2)C(Cl)Cl)cc1,4.862
O=C(Nc1ccc(Cl)cc1)Nc1ccc(Cl)c(Cl)c1,6.535
C#CC(C)(O)CC,1.905
CC(C)c1cccc(C(C)C)c1N,4.096
CCCCCCCCCc1ccc(O)cc1,5.912
CC(=O)c1ccncc1,2.858
Nc1cccc(OCc2ccccc2)c1,4.338
COC(=O)c1ccc(O)cc1O,3.603
C=CCOC(=O)C(=C)C,5.105
ClC(Cl)C(Cl)Cl,3.916
CN(C)c1ccc(/C=C/C=O)cc1,4.473
C1CCCCC1,3.298
OCCN(CCO)c1ccccc1,2.392
CC(C)=NO,2.117
COP(=O)(OC)Oc1nc(Cl)c(Cl)cc1Cl,8.164
CC(C)=CCC/C(C)=C/CO,4.586
Cc1c([N+](=O)[O-])ccc([N+](=O)[O-])c1N,5.372
CCCCBr,3.572
CC(C)(c1cc(Cl)c(O)c(Cl)c1)c1cc(Cl)c(O)c(Cl)c1,5.44
CCCCOC(=O)c1ccc(C(=O)OCCCC)cc1,5.674
C=CCC(O)C=C,3.411
OCC(Cl)(Cl)Cl,2.818
S=C(Nc1ccccc1)Nc1ccccc1,4.082
C=CC(C)(O)CC/C=C(\C)CCC=C(C)C,5.192
ClC1(Cl)C2(Cl)C3(Cl)C4(Cl)C(Cl)(Cl)C5(Cl)C3(Cl)C1(Cl)C5(Cl)C24Cl,3.623
O=S(c1ccccc1)c1ccccc1,3.365
Cc1c([N+](=O)[O-])cc([N+](=O)[O-])cc1[N+](=O)[O-],4.976
Oc1c(Cl)c(Cl)c(Cl)c(Cl)c1Cl,6.027
CCCCc1ccc(N)cc1,4.165
COC(=O)c1ccc(C#N)cc1,3.537
CC1=CC(=O)c2ccccc2C1=O,6.195
c1ccc(C2CO2)cc1,3.995
Oc1c(Cl)cc(Cl)cc1Cl,4.637
CC(C)C(C(=O)OC(C#N)c1cccc(Oc2ccccc2)c1)c1ccc(OC(F)F)cc1,8.976
O=[N+]([O-])c1ccc([N+](=O)[O-])cc1,5.39
CC1(C)CNC(=NN=C(/C=C/c2ccc(C(F)(F)F)cc2)/C=C/c2ccc(C(F)(F)F)cc2)NC1,6.819
O=C(O)/C=C\C(=O)O,4.366
Oc1cccc(O)c1,3.302
O=C1C(Cl)=C(Cl)C(=O)c2ccccc21,6.18
O=Cc1cc(Cl)ccc1O,5.308
O=[N+]([O-])c1ccc(F)cc1,3.696
Oc1c(Cl)cc(Cl)c(Cl)c1Cc1c(O)c(Cl)cc(Cl)c1Cl,7.287
Nc1ccc(F)cc1,3.818
CCCCCCCCOc1ccccc1NC(C)=O,5.767
CC(C)O,0.778
Nc1ccc(F)cc1C(F)(F)F,3.782
CCCCCCC(C)=O,3.446
O=[N+]([O-])c1cc([N+](=O)[O-])cc([N+](=O)[O-])c1,5.316
CCCCOC(=O)CCCCC(=O)OCCCC,4.851
ClC1CCCC[C@H]1Cl,3.92
C=CCCCCCCC=C,5.678
O[C@@H]1CCCC[C@H]1c1ccccc1,3.599
CC1(C)C(C=C2CCCC2)C1C(=O)OCc1coc(Cc2ccccc2)c1,8.571
O=[N+]([O-])OCC(CO[N+](=O)[O-])O[N+](=O)[O-],4.919
S=c1[nH]c2ccccc2s1,4.182
Cc1c(N)cc([N+](=O)[O-])cc1[N+](=O)[O-],4.12
BrCCCBr,5.052
Cc1ccc(N)c([N+](=O)[O-])c1,3.788
CCC(=O)Nc1ccc(Cl)c(Cl)c1,4.404
CC(C)(C)CCN,2.226
Cc1ccc(C)c(C)c1,4.192
CCOP(=S)(OCC)Oc1ccc(S(C)=O)cc1,3.855
O=[N+]([O-])C(CO)(CO)CO,2.732
ClCC1CO1,3.862
ClCCCCCCl,3.746
O=[N+]([O-])c1ccc(/C=C/c2cccc(CO)n2)o1,5.478
COC(=O)c1ccc(Cl)cc1[N+](=O)[O-],3.895
CC(C)(C)SC(C)(C)C,3.701
O=[N+]([O-])N1CN([N+](=O)[O-])CN([N+](=O)[O-])C1,4.305
c1ccc(CN2CCNCC2)cc1,3.57
CC1(C)C(C(=O)OC(C#N)c2cccc(Oc3ccccc3)c2)C1(C)C,8.169
Brc1ccsc1,4.421
CCCCC(C)=O,2.369
CCCCCC(=O)OCC,4.208
COc1cccc(C=O)c1O,4.767
O=C(O)C(Cl)(Cl)Cl,1.912
Nc1ccc(Cl)c(Cl)c1,4.323
CN(C)c1ccccc1,3.267
COCCN,2.156
Cc1cc(Cl)nc(N)n1,3.007
CCCC(C)=O,1.842
O=[N+]([O-])c1ccc(O)cc1C(F)(F)F,4.51
NC(=O)C(Cl)Cl,2.725
OCCOCCO,0.15
CCCCOP(=O)(OCCCC)OCCCC,4.513
CC(C)C(C(=O)OC(C#N)c1cccc(Oc2ccccc2)c1)c1ccc(Cl)cc1,8.137
CC1(C)CC(=O)CC(=O)C1,1.086
CC(C)(C)CC(C)(C)N,3.72
C=CC=O,6.317
CC(O)CC(C)(C)O,1.043
COC(C)(C)C,2.118
CCOP(=O)(OCC)OP(=O)(OCC)OCC,5.347
Cc1cc(C)c(O)c(C)c1,4.02
CCCOC(C)=O,3.231
c1ccoc1,3.048
ClC1=C(Cl)C2(Cl)C=CC1(Cl)C2(Cl)Cl,6.201
NNC(N)=S,3.642
CCCN(CCC)CCC,3.449
CN(C)N=O,1.897
C#CC(C)(O)CCC(C)C,3.457
O=C(Oc1ccccc1)c1ccccc1C(=O)Oc1ccccc1,6.6
CCN(CC)C(=O)c1cccc(C)c1,3.24
C=Cc1ccccc1,3.786
COc1cccc(OC)c1C,3.877
Nc1ccc([N+](=O)[O-])cc1Cl,3.927
CC(C)C(C)N,2.487
COP(=S)(OC)SCn1nnc2ccccc2c1=O,5.507
N#Cc1ccccn1,2.157
CCC(C)O,1.305
CCCCO,1.589
CCCCN,2.436
CC(=O)Nc1ccc(O)cc1,2.269
CC(=O)C(C)CN(C)C,4.182
CCC1(c2ccccc2)C(=O)NC(=O)NC1=O,2.681
Cc1ccc([N+](=O)[O-])cc1,3.44
CCCCNC(=O)n1c(NC(=O)OC)nc2ccccc21,5.184
CC(O)CN,1.474
OC1COC(O)C(O)C1O,0.6
ClC=C(Cl)Cl,3.47
Nc1ccc([N+](=O)[O-])cc1[N+](=O)[O-],4.084
CCCCC(CC)COC(=O)c1ccccc1C(=O)OCC(CC)CCCC,2.548
OCCCl,3.141
O=Cc1ccc(Oc2ccccc2)cc1,4.634
CC(C)OP(C)(=O)OC(C)C,2.451
COP(=S)(OC)Oc1ccc([N+](=O)[O-])c(C)c1,4.809
Cc1ccc(N)cc1[N+](=O)[O-],3.768
Nc1ccc([N+](=O)[O-])cc1,3.079
CC/C=C\CCO,2.42
CCCSCSP(=S)(OCC)OCC,5.933
c1ccc2c(c1)-c1cccc3cccc-2c13,6.774
CCc1ccccc1,3.947
C#CC(O)(c1ccccc1)c1ccccc1,4.273
C#CC(C)(O)C(C)C,2.738
Clc1cc(Cl)cc(C2(CC(Cl)(Cl)Cl)CO2)c1,5.385
CNC(=O)O/N=C(\C)SC,4.886
CN(C)C(=O)NC1CC2CC1C1CCCC21,3.842
C=CC#N,3.569
CCNCC,1.932
C=CC(=C)C,2.952
CC(=O)c1ccc(Cl)cc1Cl,4.208
CCNc1nc(Cl)nc(NC(C)(C)C#N)n1,4.116
CCCSP(=O)(OCC)Oc1ccc(Br)cc1Cl,6.645
Cc1ccccc1[N+](=O)[O-],3.563
Cc1ccccc1,3.43
O/N=C/c1ccccc1O,4.628
COP(=S)(OC)Oc1cc(Cl)c(Cl)cc1Cl,6.023
CCCCCCCCCC(C)=O,5.055
OCCOCCOCCO,0.309
CCCCCCCCOC(=O)C(C)O,3.926
O=Cc1cc([N+](=O)[O-])ccc1Cl,4.672
CCSCCCCSCC,4.469
CCCBr,3.262
Oc1cccnc1Cl,2.319
O=Cc1cccnc1,3.815
C/C=N/O,2.891
Clc1ccc(Cl)cc1,4.322
CC(C)[C@@H]1CC[C@@H](C)C[C@H]1O,3.917
NCCN1CCNCC1,1.771
CCN(CC)c1nc(C)cc(OP(=S)(OC)OC)n1,5.087
CC(=O)c1cccn1C,2.895
O=P(c1ccccc1)(c1ccccc1)c1ccccc1,3.715
c1ccccc1,3.445
Cc1cccc(O)c1,3.287
CC(=O)C(C)(C)C,3.061
CC(=O)CC(=O)c1ccccc1,5.169
OCCNCCO,1.851
CCCCCCCCS(=O)C(C)Cc1ccc2c(c1)OCO2,5.642
Cc1ccc(N(C)C)cc1,3.415
O=C(Nc1ccccc1)c1ccccc1O,7.426
C=CCc1ccccc1O,3.979
COCOC,1.037
Nc1cc([N+](=O)[O-])cc([N+](=O)[O-])c1,3.934
CNC(=O)Oc1cccc2c1OC(C)(C)C2,5.404
CCCN,2.283
CCN(CC)c1ccc(C=O)c(O)c1,4.557
NC(=O)c1ccccc1,2.263
CCCCOCCOP(=O)(OCCOCCCC)OCCOCCCC,4.551
C1=CC2C3C=CC(C3)C2C1,3.407
NCCCN,1.794
C/C=C/c1ccc(OC)cc1,7.285
CCOC(=O)C(Cl)C(=O)OCC,5.311
CCc1cccc(CC)c1,4.51
C=C[C@@]1(C)CCC2C(=CCC3[C@](C)(C(=O)O)CCC[C@]23C)C1,5.541
ClCCCCCl,3.391
CCCCCCOC(C)=O,4.557
ON=C1CCCCC1,2.736
CC(C)(CC(=O)O)CC(=O)O,1.055
O=[N+]([O-])c1c(Cl)cc(Cl)c([N+](=O)[O-])c1Cl,6.087
C=CC(=O)OCC(C)C,4.786
CCOP(=S)(OCC)O/N=C(\C#N)c1ccccc1,5.012
Cc1c(Cl)cc(C(C)(C)C)c(O)c1C(=O)Nc1ccc([N+](=O)[O-])cc1Cl,7.691
CCOC(=O)N(C(=O)OCC)C(=O)OCC,4.244
N#CCCCCCCC#N,2.412
ClCCl,2.424
C#CC(O)CCCCC,5.485
c1cc[nH]c1,2.504
Oc1c(O)c(Cl)c(Cl)c(Cl)c1Cl,5.29
C=CC(N)=O,2.793
CCCCC(CC)CO,3.664
c1cc(CCc2ccncc2)ccn1,3.086
Cc1ccc([N+](=O)[O-])c([N+](=O)[O-])c1,5.084
CN(C)C(=O)Nc1ccc(Cl)c(Cl)c1,4.215
ClC(Cl)(Cl)Cl,3.57
Oc1ccc(/N=N/c2ccccc2)cc1,5.171
Cc1cc([N+](=O)[O-])cc([N+](=O)[O-])c1,3.912
O=[N+]([O-])N1CN([N+](=O)[O-])CN([N+](=O)[O-])CN([N+](=O)[O-])C1,4.295
C#CCO,4.564
CNC(=O)Oc1ccccc1OC(C)C,4.376
C=C(C)C(=O)OCC1CCCO1,3.691
C=CC(=O)OCC(C)O,4.59
ClCc1ccc(CCl)cc1,6.652
CCOP(=S)(OCC)Oc1ccc([N+](=O)[O-])cc1,5.315
CNC(=O)Oc1ccc(N(C)C)c(C)c1,5.029
Oc1ccc(Cl)cc1,4.459
C#CC(C)O,3.777
Cc1c(N)cccc1[N+](=O)[O-],3.484
CC1(C)[C@H]2CC[C@]1(C)[C@H](O)C2,3.387
CO,0.056
O=C(Nc1cccc(Cl)c1)c1cccc([N+](=O)[O-])c1O,6.077
ClC1=C(Cl)C2(Cl)C3C(Cl)C=CC3C1(Cl)C2(Cl)Cl,6.752
CCNc1nc(NC(C)(C)C)nc(OC)n1,3.656
CCCSCCC,3.736
Cc1cc(O)c([N+](=O)[O-])cc1[N+](=O)[O-],4.792
Brc1ccc(Oc2ccccc2)cc1,5.643
CCOP(=S)(CC)Sc1ccccc1,5.354
COc1c(Cl)c(Cl)c(Cl)c(Cl)c1Cl,5.635
CC(=O)c1ccccc1,2.87
CC#CCO,3.841
CCCCCCCCCCCCN,6.255
CCCCCCCBr,5.086
CCOC(=O)/C=C\C(=O)OCC,3.981
C=CCc1ccc(O)c(OC)c1,3.835
Cl[C@H]1[C@H](Cl)[C@@H](Cl)[C@@H](Cl)[C@H](Cl)[C@H]1Cl,6.607
CC(C)Nc1nc(Cl)nc(NC2CC2)n1,4.8
CCCCCCCCO,3.984
Oc1ccccc1,3.495
Oc1cc(Cl)c(Cl)c(Cl)c1Cl,5.737
CCOC(=O)C(C)N(C(=O)c1ccccc1)c1ccc(Cl)c(Cl)c1,5.814
COP(=O)(OC)OC=C(Cl)Cl,4.742
Nc1c(Cl)c(Cl)cc(Cl)c1Cl,5.93
Clc1cccc(-c2ccccc2)c1,4.384
Cc1ccc(O)c(C)c1,3.856
CCCCCO,2.217
Cc1ccc([N+](=O)[O-])c(N)c1[N+](=O)[O-],4.208
O=[N+]([O-])c1ccc(O)cc1,3.531
COC(=O)C1C(C(=O)OC)C2(Cl)C(Cl)=C(Cl)C1(Cl)C2(Cl)Cl,5.383
Oc1c(Br)cc(Br)cc1Br,4.705
Cc1cc([N+](=O)[O-])ccc1N,3.244
CCCCOCN(C(=O)CCl)c1c(CC)cccc1CC,5.653
CCCCCCCCCO,4.41
COc1ccc(C(c2ccc(OC)cc2)C(Cl)(Cl)Cl)cc1,7.607
CC(=O)CCC=C(C)C,3.168
CC(C)CO,1.703
C=C(C)[C@H]1CC=C(C)CC1,5.282
Cc1nc(C)c(C)o1,2.395
NC(=O)c1ccccc1N,2.537
NCCCN1CCN(CCCN)CC1,1.81
CCOc1ccc(N)c([N+](=O)[O-])c1,3.846
OCCO,0.037
CC(C)C(O)C(C)C,2.853
CCCCCCOc1ccc(C=O)cc1OC,4.947
Oc1ccc(Cl)cc1Cl,4.298
C#CC(O)CCCC,4.804
CN(C)c1nc(=O)n(C2CCCCC2)c(=O)n1C,2.964
CC(C)OC(C)C,2.114
COP(=S)(OC)Oc1ccc(SC)c(C)c1,4.939
Cc1cccc(Cl)n1,2.74
C1N2CN3CN1CN(C2)C3,0.449
CCCCCCCCCCCCCN,6.484
CCCSSCCC,4.759
O=C(O)c1c(F)cccc1F,3.36
CC(C)(C)O,1.063
C/C=C/C=O,4.921
c1ccc2nc3ccccc3cc2c1,4.892
O=[N+]([O-])c1cccc([N+](=O)[O-])c1,4.122
Brc1ccc(Br)cc1,5.284
CCN1C(=O)CC(=O)N(CC)C1=S,1.647
CC1(C)[C@@H]2CC[C@@]1(C)C(=O)C2,3.141
O=C(O)c1c(Cl)ccc(Cl)c1Cl,4.424
ClC(Cl)=C(Cl)Cl,3.955
C=CCC1=C(C)C(OC(=O)[C@@H]2[C@@H](C=C(C)C)C2(C)C)CC1=O,6.699
ClCCCCl,2.936
Cc1cccc([N+](=O)[O-])c1,3.643
S=c1[nH]c2cc(Cl)ccc2s1,4.798
BrC(Br)c1ccccc1C(Br)Br,5.985
CN(C)N,3.884
CCc1ccc(O)cc1,4.07
CCOCCOC(C)=O,3.496
NC12CC3CC(CC(C3)C1)C2,3.782
ClC(Cl)C(Cl)(Cl)Cl,4.429
CCCCC(=O)CCCC,3.662
Nc1ccc(O)c([N+](=O)[O-])c1,3.629
CCOP(=S)(OCC)SCSC(C)(C)C,6.81
c1ccc2scnc2c1,3.325
Cc1c[nH]c2ccccc12,4.171
C#CC(C)(O)c1ccccc1,3.112
OCC(F)(F)F,2.925
O=C(c1ccccc1)c1ccccc1,4.092
Cc1ccc(O)cc1,3.666
CCOP(=O)(OCC)Oc1ccc([N+](=O)[O-])cc1,5.981
C=CC(Cl)CCl,4.184
COP(=S)(OC)Oc1ccc([N+](=O)[O-])c(Cl)c1,5.027
COC(C)=O,2.269
O=[N+]([O-])c1ccc([N+](=O)[O-])c(O)c1,4.739
O=[N+]([O-])c1ccccc1,3.018
CCCCCCBr,4.68
ClC1=C(Cl)C2(Cl)C3C4C=CC(C4)C3C1(Cl)C2(Cl)Cl,7.086
Cc1cc([N+](=O)[O-])ccc1[N+](=O)[O-],5.146
O=P(O)(O)CCCl,3.046
Cc1ccc(N=C=O)cc1N=C=O,3.025
CCOC(=O)c1ccccc1C(=O)OCC,4.116
CC1(C)NC(=O)NC1=O,0.89
CCN(CC)CCCC(C)=O,2.67
CCOC(=O)CCC(=O)OCC,3.095
COP(=O)(O)OC,3.845
CCOC(=O)c1ccccc1,4.247
COc1ccc(C=O)c(OC)c1,3.917
O=C1C2CC=CCC2C(=O)N1SC(Cl)(Cl)Cl,6.351
CCOP(=S)(OCC)OP(=S)(OCC)OCC,6.258
CCOC(=O)CC(=O)OCC,4.016
CCCCCCCC/C=C\CCCCCCCC(=O)O,3.139
CC12CCC(CC1)C(C)(C)O2,3.18
COc1cc(C=O)cc(Br)c1O,3.588
CCOP(=S)(OCC)SCCSCC,4.854
c1ccc2c(c1)oc1ccccc12,4.967
Cc1ccc(C)c(O)c1C,4.22
Cc1cccc([N+](=O)[O-])c1[N+](=O)[O-],4.993
COc1ccc(OC)c(C(=O)CBr)c1,6.648
CCOC(=O)CC(SP(=S)(OC)OC)C(=O)OCC,4.422
CCCCCc1ccccc1,4.938
CC1(C)C(C=C(Cl)Cl)C1C(=O)OC(C#N)c1ccc(F)c(Oc2ccccc2)c1,8.604
Oc1c(Br)c(Br)c(Br)c(Br)c1Br,6.72
Cc1cc(C)c([N+](=O)[O-])cc1[N+](=O)[O-],4.395
COC(=O)c1ccc(Cl)cc1,4.156
CCOC(=O)c1ccccc1O,3.924
CCC(C)n1c(=O)[nH]c(C)c(Br)c1=O,3.152
N#Cc1cccc(C(F)(F)F)c1,3.555
Clc1ccc(C(c2ccc(Cl)cc2)C(Cl)(Cl)Cl)cc1,7.271
c1ccc(-c2ccncc2)cc1,3.984
CCOC(=O)c1ccc(N)cc1,3.665
CCCCCCCCCCC(C)=O,5.194
CC(C)=O,0.854
CCCCOC(C)=O,3.81
O=C(O)CS,3.487
Oc1ccccc1Cl,4.019
O=C(O)CN(CCN(CC(=O)O)CC(=O)O)CC(=O)O,3.689
CNC(=O)O/N=C/C(C)(C)SC,5.171
CCOP(=O)(Cc1ccccc1)OCC,2.832
Nc1ccc(F)c(C(F)(F)F)c1,3.775
COP(=O)(OC)OC,1.301
O=[N+]([O-])c1ccccc1O,2.939
COP(=S)(OC)SCN1C(=O)c2ccccc2C1=O,4.593
COc1ccc(C(C)=O)c(O)c1,3.379
Oc1ccc(Cl)cn1,2.056
Cc1ccncc1,2.364
CCCCCCCCCCCN,5.912
c1ccc(-c2ccc(-c3ccccc3)o2)cc1,6.644
Cc1ccc(N)cc1,2.827
CC(C)[C@H](C(=O)O[C@H](C#N)c1cccc(Oc2ccccc2)c1)c1ccc(Cl)cc1,9.261
Cc1ccc([N+](=O)[O-])cc1N,3.337
OCC#CCO,3.206
CC(C)(O)C(Cl)(Cl)Cl,3.119
O=[N+]([O-])c1cccc2ccccc12,4.532
O=[N+]([O-])c1cc([N+](=O)[O-])c(Cl)cc1Cl,6.784
Clc1cccc(Cl)c1C(Cl)Cl,5.375
CC1=CC(=O)CC(C)(C)C1,2.737
c1ccc2ccccc2c1,4.32
CCCCCCCO,3.507
CC(=O)c1ccc(Cl)c([N+](=O)[O-])c1,4.559
Cc1ccc(S(=O)(=O)n2ccnc2)cc1,3.726
CCOC(C)=O,2.583
COP(=O)(OC)O/C(C)=C\C(=O)OC(C)c1ccccc1,4.422
CCSCCSCC,3.397
CCOc1cc(C=O)ccc1O,3.278
CCCCNC(=O)OCC#CI,6.148
OCc1ccoc1,2.286
CC(C)(C)c1ccc(Oc2cccc(C=O)c2)cc1,5.842
CCCCCCOc1ccc(N)cc1,4.777
COc1ccccc1C(N)=O,3.1
CCOC(=O)C(Cc1ccccc1)C(=O)OCC,4.664
CCOP(=S)(OCC)SCSCC,6.018
N#CC(Br)(Br)C(N)=O,5.128
CC(C)(O)C(F)(F)C(F)F,2.439
Cc1cccc([N+](=O)[O-])c1N,3.797
O=Cc1ccccc1O,4.725
CCCCCCCCCN,4.822
COc1ccc(OC)cc1,3.072
OCCN1CCOCC1,1.685
CC(C)=CC1C(C(=O)OCc2coc(Cc3ccccc3)c2)C1(C)C,7.899
C#CCN(CC#C)CC#C,2.647
CCCCCCCCc1ccc(N)cc1,6.233
Cc1ccc(C)cc1,4.102
O=P(O)(CO)CO,3.638
Cc1ccccc1C,3.811
COP(=S)(OC)Oc1nc(Cl)c(Cl)cc1Cl,5.677
COP(=S)(OC)Oc1ccc(Sc2ccc(OP(=S)(OC)OC)cc2)cc1,4.136
CCCCCC(=O)O,2.84
CCc1ccccn1,2.413
CCOP(=S)(OCC)Oc1cc(C)nc(C(C)C)n1,4.811
O=C1C2(Cl)C3(Cl)C4(Cl)C(Cl)(Cl)C5(Cl)C3(Cl)C1(Cl)C5(Cl)C24Cl,6.113
Oc1c(Cl)cc(Cl)c(Cl)c1Cl,5.352
CCCCOC(=O)CCC(=O)OCCCC,4.713
Oc1cccc2ccccc12,4.538
ClC1=C(Cl)C(Cl)(Cl)C(Cl)=C1Cl,6.604
c1ccc2cccc-2cc1,4.154
C=C(Cl)Cl,2.856
ClCCCl,2.896
O=S1OCC2C(CO1)C1(Cl)C(Cl)=C(Cl)C2(Cl)C1(Cl)Cl,8.484
O=C(Oc1ccccc1)c1ccccc1O,5.276
Nc1ccc(Br)cn1,2.99
C#CC(C)(C)O,1.408
COP(=S)(S)OC,3.828
Cc1ccc([N+](=O)[O-])c(O)c1,3.513
CCC1(CCC(C)C)C(=O)NC(=O)NC1=O,3.423
CCCCCCCC1CCC(=O)O1,2.092
ClC(Cl)=C(Cl)C(Cl)=C(Cl)Cl,6.439
CCCCCCCCn1sccc1=O,6.183
O=S(=O)([O-])c1ccc[n+](Cc2ccccc2)c1,2.015
O=S(Cc1ccccc1)Cc1ccccc1,3.459
C=CCC1=C(C)C(OC(=O)C2C(C=C(C)C)C2(C)C)CC1=O,6.667
CCCCC(=O)O,3.123
NC(=O)c1cccc(Br)c1,3.325
O=[N+]([O-])OCCOCCO[N+](=O)[O-],2.601
c1ccc2ncccc2c1,3.448
c1ccc(Nc2ccccc2)cc1,4.65
N#Cc1ccccc1,3.002
NC(=O)c1ccc([N+](=O)[O-])cc1,3.097
Clc1cc(Cl)c(Cl)cc1Cl,5.829
CC1(C)C(C=C(Cl)Cl)C1C(=O)OCc1cccc(Oc2ccccc2)c1,7.211
Nc1ccccc1,2.993
N#CCCCCC#N,1.937
CC(=O)C(C)C,1.999
CCCCOC(C)COC(=O)C(C)Oc1cc(Cl)c(Cl)cc1Cl,4.727
O=[N+]([O-])c1ncccc1O,2.924
CC(C)(C)CN,2.264
CC(C)CCCCCOC(=O)C(C)Oc1cc(Cl)c(Cl)cc1Cl,4.239
CNc1ccc(F)cc1,3.513
O=c1oc2ccccc2c(O)c1Cc1c(O)c2ccccc2oc1=O,4.818
CCOC(CN(C)CC(OCC)OCC)OCC,2.617
OCCN(CCO)CCO,1.102
O=C(c1ccc(Br)cc1)c1cccnc1,4.109
Oc1cc(Cl)c(Cl)cc1O,5.303
CCO,0.534
O=C(O)CCCCC(=O)O,3.178
ClC1=C(Cl)C2(Cl)C3C4CC(C5OC45)C3C1(Cl)C2(Cl)Cl,8.755
COc1ccc(O)cc1,3.11
CCCCOCCOC(=O)C(C)Oc1cc(Cl)c(Cl)cc1Cl,5.568
OCc1ccccc1,2.371
CCC(C)(C)c1ccc(O)cc1,4.802
ClC1C(Cl)C(Cl)C(Cl)C(Cl)C1Cl,4.726
Nc1c(F)c(F)c(F)c(F)c1F,3.693
c1ccc2c(c1)CCC2,3.926
CC(Cl)CCl,2.928
CCOP(=S)(OCC)SCn1c(=O)oc2cc(Cl)ccc21,6.238
C#CC(C)O,3.777
CC(C)(C)c1ccc(O)cc1,4.466
O=CC=O,2.431
COP(=S)(OC)Oc1ccc([N+](=O)[O-])cc1,4.508
CN(C)P(=O)(OP(=O)(N(C)C)N(C)C)N(C)C,3.374
C=C(C)C1CC=C(C)CC1,2.149
C=CCO,5.259
CCCO,1.12
c1ccc2occc2c1,3.926
CCCN(CCC)c1c([N+](=O)[O-])cc(C(C)C)cc1[N+](=O)[O-],5.852
OCCCc1cccnc1,2.961
Cc1ccc(C)o1,3.131
COC(=O)c1ccc([N+](=O)[O-])cc1,3.885
CCC#N,1.559
CCCCCCCCCCO,4.819
CCCCCN,2.692
OC(C(F)(F)F)C(F)(F)F,2.838
c1cc[n+]2c(c1)-c1cccc[n+]1CC2,4.119
Nc1ccc(S(=O)(=O)O)cc1,3.237
Cc1c(Cl)cccc1NC=O,3.561
CCOP(=S)(OCC)O/C(=C/Cl)c1cc(Cl)ccc1Cl,6.143
O=Cc1cc(Br)cc(Br)c1O,5.518
CCNCc1ccccc1,3.374
CCC(C)=O,1.35
O=Cc1cc(O)ccc1[N+](=O)[O-],3.601
O=Cc1cc(Br)ccc1O,5.189
Clc1nc(Cl)c(Cl)c(Cl)c1Cl,5.73
Nc1ccccc1Cl,4.353
C1CO1,2.72
CS(=O)(=O)Oc1ccc(Cl)cc1Cl,4.739
CCOC(=O)C(O)C(O)C(=O)OCC,2.501
CCCCCCCCC(C)=O,4.51
CC1=CC=C(C(C)C)CC1,4.636
CCCCCC=O,3.756
Cc1cc(Cl)ccc1OCCCC(=O)O,4.262
Cl/C=C/CCl,4.841
CC(=O)CC(C)=O,2.851
CC12CCC(C(Br)C1=O)C2(C)C,3.528
CCOP(=S)(CC)Oc1cc(Cl)c(Cl)cc1Cl,6.171
O=[N+]([O-])c1ccccc1[N+](=O)[O-],5.447
CCOC(=O)C(C)Oc1ccc(Oc2nc3ccc(Cl)cc3o2)cc1,4.706
CC(O)CO,0.349
COP(=O)(OC)OC(Br)C(Cl)(Cl)Br,5.062
CC(=O)c1ccc(Cl)c(Cl)c1Cl,5.048
O=Cc1ccccc1[N+](=O)[O-],4.021
CC(Oc1cc(Cl)c(Cl)cc1Cl)C(=O)O,4.198
CCc1ccc(C)nc1,3.174
COc1cc(OC)c(OC)cc1C=O,3.598
CCCC(C)C=O,3.727
CCCc1ccc(O)cc1,4.093
CC(C)N(CCO)C(C)C,2.859
Clc1cccc(Cl)c1,4.269
CCC(C)C(C)C=O,3.853
CCCCCCCCN,4.396
c1ccc2cnncc2c1,3.114
Cc1ccc([N+](=O)[O-])cc1[N+](=O)[O-],3.769
CC(C)(C)c1ccc(CSc2cnn(C(C)(C)C)c(=O)c2Cl)cc1,8.2
C=Cn1c2ccccc2c2ccccc21,7.809
OC1CCCCC1,2.07
CCCCOCCCC,3.606
Clc1ccccc1,3.645
O=Cc1c(F)cccc1Cl,4.227
CO[PH](=O)OC,2.689
COC(=O)c1ccccc1C(=O)OC,3.205
CCNCCO,1.78
CC1(C)[C@H]2CC[C@]1(C)C(=O)C2,3.952
CCN(CC)C1CCCCC1,3.861
ClC1=C(Cl)C2(Cl)C3C4CC(C5OC45)C3C1(Cl)C2(Cl)Cl,7.21
CC(C)=CC=C(C)C,4.465
CCC(C)(O)CC,2.182
CCOP(=S)(Oc1ccc([N+](=O)[O-])cc1)c1ccccc1,6.209
CCCCCCN,3.252
CCCCCCCCCCCCO,5.266
BrCC1CCCCO1,2.941
N#Cc1cccc([N+](=O)[O-])c1,3.391
O=C1CCCCC1,2.193
